               epoch,      train/box_loss,      train/obj_loss,      train/cls_loss,   metrics/precision,      metrics/recall,     metrics/mAP_0.5,metrics/mAP_0.5:0.95,        val/box_loss,        val/obj_loss,        val/cls_loss,               x/lr0,               x/lr1,               x/lr2
                   0,            0.094269,            0.014453,            0.037069,          0.00034861,              0.2106,           0.0010429,          0.00026112,            0.072102,           0.0057508,            0.025871,            0.070191,           0.0033121,           0.0033121
                   1,            0.081038,            0.010959,            0.026655,           0.0054675,              0.3096,           0.0066692,           0.0020968,            0.070761,           0.0055398,            0.022302,            0.040158,           0.0066125,           0.0066125
                   2,            0.075964,            0.010339,            0.024191,              0.7771,            0.034404,            0.018268,           0.0056068,            0.067116,           0.0054842,            0.018334,            0.010092,             0.00988,             0.00988
                   3,            0.074796,            0.010146,            0.023057,             0.76564,            0.025229,            0.026942,            0.006282,            0.068468,           0.0060632,            0.016957,           0.0098515,           0.0098515,           0.0098515
                   4,            0.072684,           0.0094753,            0.021456,             0.76774,            0.052752,            0.025967,            0.006638,             0.06568,           0.0052995,            0.020847,           0.0098515,           0.0098515,           0.0098515
                   5,            0.070782,           0.0097229,            0.020495,             0.77214,             0.08945,            0.044209,            0.011232,            0.063173,           0.0055635,            0.016372,            0.009802,            0.009802,            0.009802
                   6,            0.070242,           0.0090586,            0.020509,             0.79221,            0.055046,            0.042593,            0.012385,            0.063561,           0.0054277,            0.015791,           0.0097525,           0.0097525,           0.0097525
                   7,            0.068153,           0.0088739,            0.020632,             0.77508,            0.080275,            0.037787,           0.0090912,            0.063656,           0.0051765,             0.01794,            0.009703,            0.009703,            0.009703
                   8,             0.06679,           0.0089889,            0.019882,             0.29976,             0.14017,             0.08033,            0.022381,            0.059232,           0.0050673,            0.014746,           0.0096535,           0.0096535,           0.0096535
                   9,            0.067016,           0.0088719,            0.019268,              0.2866,             0.11239,            0.057909,            0.015567,            0.059799,           0.0051845,            0.016709,            0.009604,            0.009604,            0.009604
                  10,            0.065722,           0.0086811,            0.018554,             0.81161,            0.088519,             0.08579,            0.019879,            0.058968,           0.0049908,            0.013777,           0.0095545,           0.0095545,           0.0095545
                  11,             0.06596,            0.008273,            0.017294,             0.54878,             0.22356,            0.088081,            0.021118,            0.060382,           0.0050711,            0.015648,            0.009505,            0.009505,            0.009505
                  12,             0.06558,           0.0083412,            0.017526,             0.26453,             0.20847,             0.11423,            0.032886,            0.056884,           0.0048794,            0.014031,           0.0094555,           0.0094555,           0.0094555
                  13,            0.065323,           0.0083446,            0.017159,            0.089866,             0.13239,            0.074558,            0.022347,            0.056848,           0.0050121,            0.013686,            0.009406,            0.009406,            0.009406
                  14,            0.064268,           0.0081615,            0.016481,            0.070349,             0.21032,            0.093404,            0.027027,            0.056566,           0.0050415,            0.013128,           0.0093565,           0.0093565,           0.0093565
                  15,            0.062384,           0.0088666,            0.015605,             0.37054,             0.22065,             0.14118,            0.034013,            0.057165,            0.004782,            0.013995,            0.009307,            0.009307,            0.009307
                  16,            0.062599,           0.0086084,            0.015604,             0.28378,             0.17688,             0.14923,            0.041693,            0.056953,           0.0051382,            0.013984,           0.0092575,           0.0092575,           0.0092575
                  17,            0.062905,           0.0085628,            0.017411,             0.22297,             0.14826,             0.12494,            0.036857,            0.056638,           0.0049211,            0.013885,            0.009208,            0.009208,            0.009208
                  18,            0.062659,           0.0083213,            0.015347,             0.10599,             0.29717,             0.11092,            0.033075,            0.055442,           0.0051445,            0.011637,           0.0091585,           0.0091585,           0.0091585
                  19,            0.061288,           0.0084747,            0.014971,             0.37465,             0.20521,             0.15357,            0.044639,            0.054625,           0.0047202,            0.012929,            0.009109,            0.009109,            0.009109
                  20,            0.061871,           0.0085416,            0.015652,             0.17964,             0.25366,             0.16063,            0.052384,            0.055618,           0.0046844,             0.01263,           0.0090595,           0.0090595,           0.0090595
                  21,            0.060556,            0.008356,             0.01425,             0.14854,             0.23427,             0.14863,            0.041824,            0.057636,           0.0046538,             0.01366,             0.00901,             0.00901,             0.00901
                  22,            0.060826,           0.0085592,            0.014673,              0.4445,             0.11839,             0.16252,             0.04704,            0.057654,           0.0047262,            0.013711,           0.0089605,           0.0089605,           0.0089605
                  23,            0.059479,           0.0082189,             0.01369,             0.12583,             0.20708,              0.1444,            0.043463,            0.055562,           0.0048296,            0.012325,            0.008911,            0.008911,            0.008911
                  24,            0.059667,           0.0081587,             0.01435,              0.2402,             0.28685,             0.15263,            0.041749,            0.056178,            0.004675,            0.013246,           0.0088615,           0.0088615,           0.0088615
                  25,            0.059073,           0.0084052,            0.014818,             0.15574,             0.24052,             0.14765,            0.041241,            0.056282,           0.0047264,            0.013224,            0.008812,            0.008812,            0.008812
                  26,             0.05813,           0.0080228,            0.012707,             0.12692,             0.23654,             0.10843,            0.035939,            0.057075,           0.0047383,            0.014706,           0.0087625,           0.0087625,           0.0087625
                  27,            0.058878,           0.0079516,             0.01283,             0.19798,             0.24655,             0.20485,            0.067373,            0.055703,           0.0046736,             0.01272,            0.008713,            0.008713,            0.008713
                  28,             0.05922,           0.0079417,            0.013999,             0.37003,             0.22915,             0.14615,            0.042958,            0.055096,           0.0049782,            0.012098,           0.0086635,           0.0086635,           0.0086635
                  29,            0.058367,            0.008363,            0.013188,             0.20485,             0.34818,             0.17802,            0.054916,            0.055721,            0.004542,             0.01224,            0.008614,            0.008614,            0.008614
                  30,            0.057998,           0.0081625,             0.01176,             0.16262,             0.26218,             0.15185,            0.042933,            0.055379,           0.0049163,            0.011384,           0.0085645,           0.0085645,           0.0085645
                  31,            0.057084,           0.0081279,            0.012509,             0.25126,             0.25327,             0.16062,            0.047069,            0.054386,           0.0046245,            0.013396,            0.008515,            0.008515,            0.008515
                  32,            0.056933,           0.0086331,            0.011471,              0.1731,              0.3128,             0.14366,            0.046775,            0.052985,           0.0046205,            0.011866,           0.0084655,           0.0084655,           0.0084655
                  33,            0.057296,           0.0081723,            0.011742,             0.10753,             0.26109,             0.14834,            0.045251,            0.054517,           0.0046677,            0.013215,            0.008416,            0.008416,            0.008416
                  34,             0.05659,           0.0078054,            0.012348,              0.4172,             0.20838,             0.16471,            0.053822,            0.054993,           0.0047907,            0.012397,           0.0083665,           0.0083665,           0.0083665
                  35,            0.056471,            0.008217,            0.011926,             0.19997,             0.22672,             0.15412,             0.04895,            0.054507,           0.0046542,            0.011554,            0.008317,            0.008317,            0.008317
                  36,            0.056522,           0.0081642,            0.010758,             0.20396,             0.32721,             0.16041,            0.053852,            0.053606,            0.004666,            0.011168,           0.0082675,           0.0082675,           0.0082675
                  37,             0.05675,           0.0082743,            0.011652,             0.46847,             0.20376,             0.16765,            0.047147,            0.055292,           0.0045872,            0.012928,            0.008218,            0.008218,            0.008218
                  38,            0.056511,            0.007925,            0.011623,             0.22139,             0.37596,             0.18783,            0.052804,            0.055236,           0.0045929,            0.013164,           0.0081685,           0.0081685,           0.0081685
                  39,            0.054946,           0.0080919,            0.010156,             0.23812,              0.2449,             0.16075,            0.044715,            0.053471,            0.004643,            0.015355,            0.008119,            0.008119,            0.008119
                  40,            0.055071,           0.0076589,            0.010679,             0.19012,             0.21557,             0.17692,            0.054262,             0.05496,           0.0047057,            0.012652,           0.0080695,           0.0080695,           0.0080695
                  41,            0.055202,           0.0078506,            0.010285,             0.23872,             0.34758,              0.2194,            0.059286,            0.053549,           0.0044996,            0.013013,             0.00802,             0.00802,             0.00802
                  42,            0.055722,           0.0076706,            0.010316,             0.42414,             0.22672,             0.16109,            0.045915,            0.054295,           0.0050688,            0.013818,           0.0079705,           0.0079705,           0.0079705
                  43,            0.054318,           0.0083922,           0.0097779,              0.2008,             0.31361,             0.18885,            0.060166,              0.0543,           0.0045261,            0.012469,            0.007921,            0.007921,            0.007921
                  44,            0.054959,           0.0080991,           0.0099846,             0.24673,             0.26503,             0.18988,            0.065833,            0.054195,           0.0045609,             0.01262,           0.0078715,           0.0078715,           0.0078715
                  45,            0.054575,           0.0081637,            0.010255,             0.40336,             0.22443,             0.15724,            0.052543,             0.05476,           0.0047735,            0.013227,            0.007822,            0.007822,            0.007822
                  46,            0.053982,           0.0076309,           0.0098521,             0.47972,             0.26167,              0.2199,            0.065482,            0.054397,           0.0045714,            0.011545,           0.0077725,           0.0077725,           0.0077725
                  47,            0.054679,           0.0078357,            0.010543,             0.47865,             0.14179,             0.15815,            0.049569,            0.056688,           0.0048258,            0.015642,            0.007723,            0.007723,            0.007723
                  48,            0.053983,           0.0077612,            0.010033,             0.48582,             0.15596,             0.19376,            0.067892,             0.05507,           0.0046873,            0.013801,           0.0076735,           0.0076735,           0.0076735
                  49,            0.054227,           0.0080241,            0.010472,             0.23249,              0.2118,             0.15525,            0.041136,            0.055865,           0.0046617,            0.013216,            0.007624,            0.007624,            0.007624
                  50,            0.054156,           0.0081357,            0.010074,             0.46504,             0.22403,             0.16722,            0.051385,             0.05425,             0.00463,            0.011904,           0.0075745,           0.0075745,           0.0075745
                  51,            0.051583,           0.0075917,           0.0081107,             0.22977,             0.25359,             0.17857,            0.055642,            0.054881,           0.0046955,            0.015232,            0.007525,            0.007525,            0.007525
                  52,            0.052521,            0.007425,            0.008673,             0.16771,             0.26741,             0.16141,            0.045583,            0.054935,           0.0047455,            0.016852,           0.0074755,           0.0074755,           0.0074755
                  53,             0.05241,           0.0079478,           0.0080114,             0.16545,             0.28636,             0.16771,            0.058085,            0.054558,           0.0047535,            0.014643,            0.007426,            0.007426,            0.007426
                  54,            0.052285,           0.0079454,           0.0074263,             0.16852,             0.34414,             0.17933,            0.053144,            0.053487,           0.0048277,            0.012189,           0.0073765,           0.0073765,           0.0073765
                  55,            0.051689,           0.0075505,            0.008348,             0.19003,              0.2075,             0.16261,            0.050393,            0.054699,           0.0047509,            0.013012,            0.007327,            0.007327,            0.007327
                  56,            0.052017,           0.0073236,           0.0084515,             0.22718,             0.28446,             0.17554,            0.048742,            0.053575,           0.0045987,            0.014173,           0.0072775,           0.0072775,           0.0072775
                  57,            0.051271,           0.0076153,           0.0083178,             0.24433,             0.28864,             0.21255,            0.063579,            0.054529,           0.0047286,            0.011667,            0.007228,            0.007228,            0.007228
                  58,            0.051535,           0.0074122,           0.0084402,             0.21503,             0.31423,              0.2044,            0.057763,            0.055976,           0.0046807,            0.015948,           0.0071785,           0.0071785,           0.0071785
                  59,            0.051233,           0.0075964,           0.0072615,             0.26861,             0.27192,             0.20203,            0.055121,            0.053806,           0.0046255,            0.011546,            0.007129,            0.007129,            0.007129
                  60,            0.051244,           0.0071257,           0.0086018,             0.20652,             0.35674,             0.24895,            0.068253,            0.053844,           0.0047425,            0.012429,           0.0070795,           0.0070795,           0.0070795
                  61,            0.051644,           0.0074068,           0.0085612,             0.37471,             0.20998,             0.17635,            0.055538,            0.053394,           0.0046798,            0.012962,             0.00703,             0.00703,             0.00703
                  62,             0.05047,           0.0071343,           0.0081084,             0.25838,             0.31657,             0.23424,            0.066296,             0.05385,           0.0046932,            0.014687,           0.0069805,           0.0069805,           0.0069805
                  63,            0.051186,           0.0073878,           0.0072842,             0.22663,              0.2716,              0.1761,            0.048572,            0.056258,           0.0046966,            0.013502,            0.006931,            0.006931,            0.006931
                  64,            0.050112,           0.0074892,            0.007203,             0.24299,             0.23305,             0.16732,            0.053112,            0.055585,           0.0045809,            0.014927,           0.0068815,           0.0068815,           0.0068815
                  65,            0.049998,            0.007549,           0.0078502,             0.15544,             0.25633,             0.15372,            0.056969,            0.055689,           0.0046922,            0.013901,            0.006832,            0.006832,            0.006832
                  66,            0.049677,           0.0076249,           0.0075519,             0.26029,                0.36,             0.22766,            0.054985,            0.056134,           0.0045788,            0.013892,           0.0067825,           0.0067825,           0.0067825
                  67,            0.050652,           0.0073954,            0.008454,             0.18129,             0.26322,             0.16042,            0.053807,            0.054474,           0.0046376,            0.014142,            0.006733,            0.006733,            0.006733
                  68,            0.050333,           0.0075494,              0.0076,             0.23974,             0.31742,             0.18659,            0.058572,            0.054697,           0.0047611,            0.011921,           0.0066835,           0.0066835,           0.0066835
                  69,            0.049318,           0.0075346,           0.0069463,             0.16015,             0.28718,             0.16374,            0.051821,            0.054069,           0.0047063,            0.017022,            0.006634,            0.006634,            0.006634
                  70,            0.049925,           0.0076723,           0.0074963,             0.17119,             0.29653,             0.16368,            0.048497,            0.054507,           0.0050001,            0.013695,           0.0065845,           0.0065845,           0.0065845
                  71,            0.049331,           0.0072445,            0.006574,             0.19693,             0.31396,             0.21515,            0.071373,            0.052976,           0.0047043,            0.014405,            0.006535,            0.006535,            0.006535
                  72,            0.049199,           0.0070968,           0.0064144,             0.20289,             0.32718,             0.17213,            0.052964,            0.054476,           0.0047635,            0.013256,           0.0064855,           0.0064855,           0.0064855
                  73,            0.049414,           0.0077388,           0.0070502,             0.50745,             0.20838,             0.18255,            0.057547,            0.054312,           0.0047848,            0.013965,            0.006436,            0.006436,            0.006436
                  74,            0.049591,           0.0074561,           0.0065938,             0.21027,             0.27904,             0.20412,            0.067351,            0.055151,           0.0046079,            0.017014,           0.0063865,           0.0063865,           0.0063865
                  75,             0.04708,           0.0074185,           0.0056918,             0.47404,              0.1901,             0.18817,             0.05661,            0.054885,           0.0047765,            0.015729,            0.006337,            0.006337,            0.006337
                  76,            0.047275,           0.0073511,           0.0060825,             0.24394,             0.20185,             0.16669,            0.053973,            0.053983,           0.0046669,            0.015167,           0.0062875,           0.0062875,           0.0062875
                  77,            0.047942,           0.0072521,           0.0063719,             0.23182,             0.27575,             0.18034,            0.058173,            0.055275,           0.0046892,            0.015747,            0.006238,            0.006238,            0.006238
                  78,            0.046921,           0.0073162,            0.005697,             0.25115,             0.26426,             0.19839,            0.057724,            0.054324,           0.0048113,             0.01632,           0.0061885,           0.0061885,           0.0061885
                  79,             0.04633,           0.0070576,           0.0058167,             0.19861,              0.3778,             0.19948,            0.068779,            0.053316,            0.004732,            0.013114,            0.006139,            0.006139,            0.006139
                  80,            0.047221,           0.0072595,           0.0059142,             0.54637,             0.18394,             0.19526,            0.070301,            0.053974,           0.0048277,            0.016946,           0.0060895,           0.0060895,           0.0060895
                  81,            0.046435,           0.0073012,           0.0055764,             0.25457,              0.2481,             0.21051,             0.05934,            0.053528,           0.0048945,            0.017044,             0.00604,             0.00604,             0.00604
                  82,            0.046827,           0.0072915,           0.0065356,             0.21942,             0.32648,             0.21628,             0.06631,             0.05377,            0.004899,            0.017279,           0.0059905,           0.0059905,           0.0059905
                  83,            0.045369,           0.0070487,           0.0051652,             0.21915,             0.28459,             0.16674,             0.05457,            0.053424,           0.0048323,            0.015251,            0.005941,            0.005941,            0.005941
                  84,            0.046251,           0.0072307,           0.0051891,             0.20206,             0.32977,             0.18353,            0.054769,            0.054741,           0.0046997,            0.014775,           0.0058915,           0.0058915,           0.0058915
                  85,             0.04648,           0.0069033,           0.0051158,             0.23709,             0.33066,             0.20015,            0.059533,            0.053413,            0.004851,            0.015858,            0.005842,            0.005842,            0.005842
                  86,            0.045267,           0.0073141,           0.0055395,             0.21531,              0.3411,             0.17778,            0.052188,            0.054431,           0.0048564,            0.016492,           0.0057925,           0.0057925,           0.0057925
                  87,            0.045077,           0.0072115,           0.0051181,              0.2628,             0.29103,             0.19949,            0.063362,              0.0536,           0.0046088,            0.014508,            0.005743,            0.005743,            0.005743
                  88,             0.04556,           0.0070781,           0.0057824,             0.17769,             0.32471,             0.17685,            0.059858,            0.055898,           0.0048293,            0.020121,           0.0056935,           0.0056935,           0.0056935
                  89,            0.045709,           0.0070287,           0.0054795,             0.24258,             0.25255,             0.19035,            0.062012,            0.054784,            0.004747,            0.016137,            0.005644,            0.005644,            0.005644
                  90,             0.04545,           0.0072959,           0.0057814,             0.18149,             0.30307,             0.16711,            0.059898,            0.054852,           0.0048341,            0.014899,           0.0055945,           0.0055945,           0.0055945
                  91,            0.045435,           0.0066917,           0.0064128,             0.21582,             0.31528,             0.18824,            0.061805,            0.054474,           0.0048332,            0.015533,            0.005545,            0.005545,            0.005545
                  92,            0.045074,           0.0069151,           0.0057434,             0.21613,             0.35649,             0.22933,            0.079293,            0.052877,           0.0047354,            0.014672,           0.0054955,           0.0054955,           0.0054955
                  93,            0.044802,           0.0068903,           0.0057204,             0.25935,             0.27679,             0.22929,            0.071143,            0.052617,           0.0048872,            0.013709,            0.005446,            0.005446,            0.005446
                  94,            0.044938,           0.0070692,           0.0057432,             0.24262,             0.30272,             0.21341,             0.08183,            0.052798,           0.0048463,            0.012538,           0.0053965,           0.0053965,           0.0053965
                  95,            0.043986,           0.0069836,           0.0048092,             0.24228,             0.29353,              0.2046,            0.071703,            0.053571,           0.0049206,            0.015365,            0.005347,            0.005347,            0.005347
                  96,            0.044124,            0.007109,           0.0055104,             0.21117,             0.30288,             0.16273,            0.055738,            0.054022,           0.0048025,            0.015883,           0.0052975,           0.0052975,           0.0052975
                  97,            0.044062,           0.0067363,           0.0054985,             0.24232,             0.35282,             0.22931,            0.074107,            0.053004,           0.0047123,            0.014925,            0.005248,            0.005248,            0.005248
                  98,            0.044413,           0.0069993,             0.00531,             0.27694,             0.23232,              0.2177,            0.065886,              0.0561,           0.0047453,            0.016184,           0.0051985,           0.0051985,           0.0051985
                  99,            0.043013,           0.0069226,           0.0046407,             0.23073,             0.28532,             0.20604,            0.075455,            0.054743,           0.0048237,            0.015864,            0.005149,            0.005149,            0.005149
                 100,             0.04361,            0.006714,           0.0042243,             0.21028,             0.28476,             0.18799,             0.06284,            0.054863,           0.0047477,            0.016855,           0.0050995,           0.0050995,           0.0050995
                 101,            0.043671,            0.006666,           0.0050207,             0.22437,             0.32243,             0.18845,            0.061524,            0.055048,           0.0047371,            0.016309,             0.00505,             0.00505,             0.00505
                 102,            0.043523,           0.0066118,           0.0048701,             0.25935,             0.31473,             0.20484,            0.074094,            0.054583,           0.0047551,            0.015907,           0.0050005,           0.0050005,           0.0050005
                 103,            0.042385,           0.0065076,           0.0047915,             0.26323,             0.28645,             0.20219,            0.074043,            0.054342,           0.0048616,             0.01756,            0.004951,            0.004951,            0.004951
                 104,            0.042723,           0.0065856,           0.0048805,             0.24562,             0.32837,             0.22155,            0.079577,            0.053551,           0.0046069,            0.017895,           0.0049015,           0.0049015,           0.0049015
                 105,            0.042106,           0.0067214,           0.0038638,             0.29795,             0.33992,             0.23247,            0.070829,            0.054355,           0.0046669,            0.019636,            0.004852,            0.004852,            0.004852
                 106,            0.041764,           0.0066159,           0.0041197,             0.29057,             0.28562,             0.21613,            0.070155,            0.053861,           0.0047398,            0.020049,           0.0048025,           0.0048025,           0.0048025
                 107,            0.042428,           0.0064966,           0.0045622,             0.27975,             0.30045,             0.22276,            0.073155,            0.054162,            0.004799,            0.017569,            0.004753,            0.004753,            0.004753
                 108,             0.04185,           0.0065219,           0.0040643,             0.27366,             0.30033,             0.22006,            0.068691,            0.054324,           0.0047247,            0.018283,           0.0047035,           0.0047035,           0.0047035
                 109,            0.042271,            0.006753,           0.0041407,             0.24154,             0.32287,             0.18226,            0.057784,            0.054999,           0.0047394,            0.018599,            0.004654,            0.004654,            0.004654
                 110,            0.041752,           0.0066263,           0.0045089,             0.23459,             0.29307,              0.2085,            0.064877,            0.054246,           0.0046552,            0.015919,           0.0046045,           0.0046045,           0.0046045
                 111,            0.041033,           0.0066944,           0.0040787,             0.33336,             0.27874,             0.21967,            0.068324,            0.054516,           0.0048476,            0.014636,            0.004555,            0.004555,            0.004555
                 112,            0.040654,            0.006632,           0.0045034,             0.27181,             0.28902,              0.2034,            0.058745,            0.054438,           0.0048192,            0.017387,           0.0045055,           0.0045055,           0.0045055
                 113,            0.040098,           0.0064257,           0.0039648,             0.36117,             0.28868,             0.24007,            0.085562,            0.053653,           0.0048606,            0.019146,            0.004456,            0.004456,            0.004456
                 114,            0.040534,            0.006468,           0.0044772,             0.26611,             0.30699,             0.19226,            0.063088,            0.054592,           0.0048555,             0.01984,           0.0044065,           0.0044065,           0.0044065
                 115,            0.040758,           0.0062873,           0.0039717,             0.35168,             0.30033,             0.23991,            0.072996,            0.054543,           0.0048772,            0.019615,            0.004357,            0.004357,            0.004357
                 116,             0.03964,           0.0062305,           0.0038885,             0.25609,             0.28117,             0.19799,             0.05899,            0.055005,           0.0049623,            0.018871,           0.0043075,           0.0043075,           0.0043075
                 117,             0.03985,           0.0065906,           0.0036334,             0.28266,             0.30446,             0.23209,            0.069018,            0.054279,           0.0049573,            0.018228,            0.004258,            0.004258,            0.004258
                 118,            0.039275,           0.0062964,           0.0039012,             0.28024,             0.28763,             0.23552,            0.078191,             0.05398,           0.0050994,            0.016311,           0.0042085,           0.0042085,           0.0042085
                 119,            0.039427,           0.0063016,           0.0037979,             0.28794,              0.2404,             0.19947,            0.063412,            0.055903,           0.0049572,            0.018478,            0.004159,            0.004159,            0.004159
                 120,            0.039368,           0.0065433,           0.0036529,             0.26216,              0.2549,             0.20419,            0.076288,            0.054955,           0.0049004,            0.017906,           0.0041095,           0.0041095,           0.0041095
                 121,            0.039102,           0.0061713,            0.003703,             0.24458,             0.25383,             0.20213,            0.067578,             0.05395,           0.0050064,            0.015441,             0.00406,             0.00406,             0.00406
                 122,            0.038795,           0.0063606,           0.0034233,             0.35786,             0.25435,             0.24357,            0.080481,            0.054421,           0.0048937,            0.017184,           0.0040105,           0.0040105,           0.0040105
                 123,            0.039288,           0.0063397,           0.0038043,             0.29685,             0.28476,             0.24171,            0.077078,            0.055483,           0.0049578,            0.016244,            0.003961,            0.003961,            0.003961
                 124,            0.038479,           0.0063462,           0.0035514,             0.27214,             0.33897,             0.22483,            0.076167,             0.05502,           0.0049184,             0.01834,           0.0039115,           0.0039115,           0.0039115
                 125,            0.037763,           0.0064513,           0.0035648,             0.27484,              0.3163,             0.21976,             0.07173,            0.054602,           0.0050178,            0.018774,            0.003862,            0.003862,            0.003862
                 126,            0.038183,             0.00606,           0.0039403,              0.2896,             0.23526,             0.19126,            0.066822,            0.055639,           0.0050182,            0.018613,           0.0038125,           0.0038125,           0.0038125
                 127,            0.038016,           0.0059907,           0.0038153,             0.24843,             0.29232,             0.20881,            0.067415,            0.054779,           0.0052034,             0.01919,            0.003763,            0.003763,            0.003763
                 128,            0.038329,           0.0059429,           0.0038218,             0.19928,              0.3191,             0.20206,            0.061162,            0.055234,           0.0051404,            0.016844,           0.0037135,           0.0037135,           0.0037135
                 129,            0.038062,            0.006502,           0.0037723,             0.25318,             0.37528,             0.25462,            0.082362,            0.055119,           0.0049625,            0.017683,            0.003664,            0.003664,            0.003664
                 130,            0.037779,           0.0061857,           0.0035642,             0.23485,             0.29345,             0.21573,            0.073635,            0.054115,            0.005006,            0.016169,           0.0036145,           0.0036145,           0.0036145
                 131,            0.037027,           0.0061711,            0.003607,             0.24019,             0.29975,             0.20313,            0.073379,            0.055228,           0.0051376,            0.016306,            0.003565,            0.003565,            0.003565
                 132,             0.03697,           0.0059271,           0.0034471,             0.30933,             0.28073,             0.22582,            0.069587,            0.054356,             0.00511,            0.016376,           0.0035155,           0.0035155,           0.0035155
                 133,            0.037534,           0.0060852,           0.0035243,             0.28778,             0.33789,             0.23089,             0.07189,            0.055343,           0.0050398,            0.017683,            0.003466,            0.003466,            0.003466
                 134,            0.035673,           0.0058865,           0.0028449,             0.23783,             0.34642,             0.21677,            0.073133,            0.054847,           0.0049205,            0.017276,           0.0034165,           0.0034165,           0.0034165
                 135,            0.036403,           0.0061593,           0.0040938,             0.28858,             0.30717,             0.21594,            0.071943,            0.055386,           0.0051336,            0.016276,            0.003367,            0.003367,            0.003367
                 136,             0.03654,           0.0061382,           0.0033168,             0.30718,             0.29315,             0.22794,            0.077381,            0.054585,            0.005075,            0.016016,           0.0033175,           0.0033175,           0.0033175
                 137,            0.036755,            0.006071,           0.0038675,             0.28324,             0.32943,              0.2199,            0.070067,            0.055145,            0.005189,            0.018392,            0.003268,            0.003268,            0.003268
                 138,            0.036283,           0.0057266,           0.0036784,             0.29534,             0.32946,             0.21545,            0.064249,            0.055132,           0.0052565,            0.018235,           0.0032185,           0.0032185,           0.0032185
                 139,            0.037257,           0.0060293,            0.003481,             0.31682,              0.3252,             0.23991,            0.076349,            0.055047,           0.0051029,            0.019387,            0.003169,            0.003169,            0.003169
                 140,            0.035462,           0.0058759,           0.0030597,              0.2792,             0.33919,             0.22714,            0.071447,            0.055678,           0.0050938,            0.019628,           0.0031195,           0.0031195,           0.0031195
                 141,            0.035481,            0.005513,           0.0028165,             0.30274,             0.34117,             0.23204,            0.072752,            0.055552,           0.0052047,            0.019194,             0.00307,             0.00307,             0.00307
                 142,            0.035182,           0.0059763,            0.003496,              0.3677,             0.30173,              0.2541,            0.087067,            0.055822,           0.0051288,            0.018343,           0.0030205,           0.0030205,           0.0030205
                 143,            0.035626,           0.0055317,           0.0028038,             0.32158,             0.28713,             0.23463,            0.076518,             0.05604,           0.0052367,            0.018037,            0.002971,            0.002971,            0.002971
                 144,            0.034742,           0.0058192,           0.0028723,             0.33728,             0.31158,             0.23014,            0.077766,            0.055998,           0.0053491,            0.018475,           0.0029215,           0.0029215,           0.0029215
                 145,            0.034601,           0.0060078,           0.0033098,             0.31124,             0.30308,             0.22182,            0.069246,            0.055442,            0.005286,            0.017624,            0.002872,            0.002872,            0.002872
                 146,            0.033725,           0.0056038,           0.0026841,             0.32489,             0.29702,              0.2127,            0.075218,            0.055922,           0.0051899,            0.019018,           0.0028225,           0.0028225,           0.0028225
                 147,            0.034071,           0.0056351,           0.0027257,             0.35636,             0.28839,             0.25555,            0.077267,            0.055967,            0.005167,            0.019845,            0.002773,            0.002773,            0.002773
                 148,            0.033715,           0.0056321,           0.0027488,             0.28774,             0.32782,             0.21721,            0.073454,             0.05544,           0.0051189,            0.018433,           0.0027235,           0.0027235,           0.0027235
                 149,            0.034032,           0.0054559,           0.0025705,             0.36118,             0.34049,             0.25457,            0.079702,            0.054974,           0.0052123,            0.018629,            0.002674,            0.002674,            0.002674
                 150,            0.033875,           0.0053464,           0.0031916,             0.34021,             0.33197,             0.25066,            0.080458,            0.055511,           0.0052535,            0.017789,           0.0026245,           0.0026245,           0.0026245
                 151,            0.034742,           0.0053837,           0.0034317,              0.3229,             0.31698,             0.24693,            0.080324,            0.055903,           0.0052039,            0.017374,            0.002575,            0.002575,            0.002575
                 152,            0.033001,           0.0052802,           0.0024855,             0.31634,             0.33802,             0.24824,            0.076548,            0.055503,           0.0052902,             0.01613,           0.0025255,           0.0025255,           0.0025255
                 153,            0.034675,           0.0055072,           0.0030695,             0.23977,             0.33694,             0.22685,            0.073734,            0.055912,           0.0052894,            0.017583,            0.002476,            0.002476,            0.002476
                 154,             0.03371,           0.0053288,           0.0029189,             0.32424,             0.31698,              0.2431,            0.073057,            0.056399,           0.0052515,            0.020259,           0.0024265,           0.0024265,           0.0024265
                 155,            0.033788,           0.0054361,           0.0030247,             0.31666,             0.33117,             0.23854,            0.075367,            0.055639,           0.0052682,            0.018121,            0.002377,            0.002377,            0.002377
                 156,            0.033977,           0.0053557,            0.002942,              0.3247,             0.30314,             0.23168,            0.077457,            0.055213,           0.0052979,            0.017133,           0.0023275,           0.0023275,           0.0023275
                 157,            0.032603,           0.0054251,           0.0030434,             0.35648,             0.29566,             0.21739,            0.069602,            0.055712,           0.0052599,            0.018844,            0.002278,            0.002278,            0.002278
                 158,            0.033433,           0.0053487,            0.002927,             0.35185,               0.331,             0.26219,            0.082045,            0.055565,           0.0053357,            0.019636,           0.0022285,           0.0022285,           0.0022285
                 159,            0.032711,           0.0052924,           0.0029198,             0.38365,             0.33126,             0.28219,            0.087569,            0.056036,           0.0053347,            0.018945,            0.002179,            0.002179,            0.002179
                 160,            0.032926,           0.0055585,           0.0027021,             0.34953,             0.30037,             0.25227,            0.081291,             0.05569,           0.0052759,            0.019028,           0.0021295,           0.0021295,           0.0021295
                 161,            0.032513,           0.0052765,            0.002453,             0.29669,             0.34037,              0.2325,            0.077492,            0.055844,           0.0052979,            0.019223,             0.00208,             0.00208,             0.00208
                 162,            0.032311,           0.0053802,           0.0026133,             0.32689,             0.30674,              0.2425,            0.079021,            0.056434,           0.0052412,            0.019105,           0.0020305,           0.0020305,           0.0020305
                 163,            0.032276,           0.0054286,           0.0025309,             0.39757,             0.33529,             0.26806,             0.08254,            0.056259,           0.0053095,            0.018647,            0.001981,            0.001981,            0.001981
                 164,            0.031484,           0.0052962,           0.0026529,             0.37488,              0.3137,             0.25028,            0.073148,            0.056419,           0.0052857,            0.019763,           0.0019315,           0.0019315,           0.0019315
                 165,            0.031167,           0.0052608,           0.0024744,             0.37447,             0.36055,             0.26281,            0.080448,             0.05645,           0.0053421,            0.020225,            0.001882,            0.001882,            0.001882
                 166,            0.032078,           0.0053056,           0.0029191,             0.32733,             0.30502,             0.24855,            0.076785,            0.055966,           0.0053239,            0.019331,           0.0018325,           0.0018325,           0.0018325
                 167,            0.030997,           0.0051889,           0.0022225,             0.36434,             0.35341,             0.24735,            0.078662,             0.05616,           0.0053297,            0.019794,            0.001783,            0.001783,            0.001783
                 168,            0.030678,           0.0049353,           0.0025019,             0.35699,             0.38728,             0.28335,             0.08504,            0.056024,           0.0053206,            0.018858,           0.0017335,           0.0017335,           0.0017335
                 169,            0.030611,           0.0049685,           0.0024494,             0.34764,             0.32595,             0.24111,            0.077401,            0.056382,           0.0053956,            0.019263,            0.001684,            0.001684,            0.001684
                 170,            0.030585,           0.0050152,           0.0027238,             0.32242,             0.34112,             0.23015,            0.074393,            0.056439,           0.0054794,            0.020503,           0.0016345,           0.0016345,           0.0016345
                 171,            0.030819,           0.0049853,           0.0029577,             0.31681,             0.34948,              0.2291,            0.071803,            0.056313,           0.0054793,            0.019695,            0.001585,            0.001585,            0.001585
                 172,            0.030385,           0.0049568,           0.0022203,             0.33708,             0.28966,             0.21828,            0.074322,            0.056047,           0.0055287,            0.019571,           0.0015355,           0.0015355,           0.0015355
                 173,            0.030317,           0.0052182,           0.0024421,             0.34379,             0.29525,             0.22872,            0.072967,             0.05613,           0.0057033,            0.018683,            0.001486,            0.001486,            0.001486
                 174,            0.030796,           0.0051469,           0.0029165,             0.31152,              0.3247,             0.23119,            0.073863,            0.056434,            0.005669,            0.019481,           0.0014365,           0.0014365,           0.0014365
                 175,            0.029341,           0.0050723,           0.0026846,             0.37555,              0.3139,             0.25986,            0.080834,            0.056176,           0.0055723,            0.019809,            0.001387,            0.001387,            0.001387
                 176,            0.029873,            0.005036,           0.0021872,             0.32895,             0.33964,             0.24419,            0.076274,            0.056163,           0.0055254,            0.019981,           0.0013375,           0.0013375,           0.0013375
                 177,            0.030189,            0.005065,           0.0027744,             0.27251,             0.36055,             0.23916,            0.073968,            0.055952,           0.0055357,            0.018927,            0.001288,            0.001288,            0.001288
                 178,             0.03025,           0.0050134,           0.0025498,             0.28397,             0.34584,              0.2402,            0.073634,             0.05578,           0.0055451,            0.018271,           0.0012385,           0.0012385,           0.0012385
                 179,            0.029586,           0.0050417,           0.0022887,             0.32874,             0.28448,             0.24236,            0.073951,            0.056033,           0.0056122,            0.018534,            0.001189,            0.001189,            0.001189
                 180,             0.02939,           0.0050371,           0.0030281,             0.32198,             0.31653,             0.22654,            0.073916,            0.055851,           0.0056063,            0.018559,           0.0011395,           0.0011395,           0.0011395
                 181,            0.028894,           0.0048844,           0.0020011,             0.32794,             0.31581,             0.22453,            0.073487,            0.055675,           0.0056081,            0.018505,             0.00109,             0.00109,             0.00109
                 182,            0.028928,           0.0046192,           0.0025328,             0.31602,             0.30552,             0.21535,            0.074411,            0.055892,           0.0056376,            0.018004,           0.0010405,           0.0010405,           0.0010405
                 183,            0.029224,            0.004552,           0.0023038,             0.32601,             0.30159,             0.22838,             0.07545,            0.055929,             0.00561,            0.018379,            0.000991,            0.000991,            0.000991
                 184,            0.028597,           0.0048272,           0.0026203,             0.34068,             0.30578,             0.23163,             0.07802,            0.056036,           0.0056802,            0.018947,           0.0009415,           0.0009415,           0.0009415
                 185,             0.02782,           0.0047257,            0.002606,             0.36095,             0.32048,             0.25213,            0.081407,            0.056183,           0.0056722,            0.018927,            0.000892,            0.000892,            0.000892
                 186,            0.028779,           0.0049116,            0.002312,             0.36332,             0.33866,             0.26742,            0.080908,            0.056271,           0.0056802,            0.019411,           0.0008425,           0.0008425,           0.0008425
                 187,             0.02842,           0.0047247,           0.0025541,             0.37018,             0.34207,             0.26423,            0.080668,            0.056042,           0.0056716,             0.01974,            0.000793,            0.000793,            0.000793
                 188,            0.028369,           0.0046001,           0.0020492,             0.38583,             0.32037,             0.26405,            0.080514,            0.056012,           0.0057213,            0.019843,           0.0007435,           0.0007435,           0.0007435
                 189,            0.027911,            0.004728,           0.0021707,             0.36589,             0.33195,             0.25747,            0.079079,             0.05603,           0.0057357,            0.019462,            0.000694,            0.000694,            0.000694
                 190,            0.027648,           0.0045622,           0.0023699,             0.36045,             0.30856,             0.24585,            0.081284,            0.055647,           0.0057033,            0.019279,           0.0006445,           0.0006445,           0.0006445
                 191,            0.026986,           0.0047089,           0.0019393,             0.35411,             0.31439,             0.24236,            0.081565,            0.055563,           0.0057456,             0.01936,            0.000595,            0.000595,            0.000595
                 192,            0.027149,           0.0044833,           0.0021172,             0.33574,             0.32741,             0.24113,            0.080395,            0.055724,           0.0057757,            0.019292,           0.0005455,           0.0005455,           0.0005455
                 193,            0.027635,           0.0049063,           0.0018343,             0.34519,             0.32602,             0.24111,            0.080801,            0.055703,           0.0057551,            0.019495,            0.000496,            0.000496,            0.000496
                 194,            0.027571,           0.0049546,           0.0022949,             0.34504,             0.31486,             0.24251,            0.080211,            0.055854,           0.0057603,             0.01958,           0.0004465,           0.0004465,           0.0004465
                 195,            0.027016,           0.0044639,           0.0016066,             0.35998,             0.30429,             0.23589,            0.076887,            0.055951,           0.0057828,            0.020002,            0.000397,            0.000397,            0.000397
                 196,             0.02774,           0.0047902,           0.0022271,             0.34208,             0.28865,             0.23571,            0.077473,            0.056157,           0.0058066,            0.020353,           0.0003475,           0.0003475,           0.0003475
                 197,            0.027216,           0.0045972,           0.0021802,             0.30538,             0.32668,             0.23623,             0.07954,            0.056251,           0.0058111,            0.020368,            0.000298,            0.000298,            0.000298
                 198,            0.026321,           0.0045774,           0.0020513,             0.31144,             0.32805,              0.2345,            0.080797,            0.056195,           0.0058098,            0.020186,           0.0002485,           0.0002485,           0.0002485
                 199,            0.026958,           0.0047036,           0.0019852,             0.31487,             0.33139,             0.24104,            0.079612,            0.056237,           0.0058093,            0.020309,            0.000199,            0.000199,            0.000199
